EA1,AccessManager
EA1,Accesso
EA1,AdminManager
EA1,Amministratore
EA1,DbAccesso
EA1,DbAmministratore
EA1,DbConnection
EA1,DbException
EA1,ServletAnnulla
EA1,ServletLogin
EA1,ServletMostraAccesso
EA2,AccessManager
EA2,Accesso
EA2,AdminManager
EA2,CartaIdentita
EA2,CIManager
EA2,Cittadino
EA2,CittadinoManager
EA2,DbAccesso
EA2,DbCartaIdentita
EA2,DbCittadino
EA2,DbComune
EA2,DbConnection
EA2,ServletAnnulla
EA2,ServletLogin
EA2,ServletMostraAccessoA
EA3,AccessManager
EA3,Accesso
EA3,AdminManager
EA3,DbAccesso
EA3,DbImpiegato
EA3,Impiegato
EA3,ImpiegatoManager
EA3,ServletAnnulla
EA3,ServletLogin
EA3,ServletMostraAccesso
EA4,AccessManager
EA4,Accesso
EA4,CartaIdentita
EA4,CIManager
EA4,Cittadino
EA4,CittadinoManager
EA4,DbAccesso
EA4,DbCartaIdentita
EA4,DbCittadino
EA4,DbConnection
EA4,DbException
EA4,DbNucleoFamiliare
EA4,NucleoFamiliare
EA4,NucleoFamiliareManager
EA4,ServletAnnulla
EA4,ServletEliminaCittadino
EA4,ServletModificaCittadino
EA4,ServletRicercaCittadino
EA4,ServletStatoDiFamiglia
EA5,AccessManager
EA5,Accesso
EA5,AdminManager
EA5,DbAccesso
EA5,DbConnection
EA5,DbException
EA5,DbImpiegato
EA5,Impiegato
EA5,ImpiegatoManager
EA5,ServletAnnulla
EA5,ServletEliminaImpiegato
EA6,AccessManager
EA6,Accesso
EA6,CartaIdentita
EA6,CIManager
EA6,Cittadino
EA6,CittadinoManager
EA6,DbAccesso
EA6,DbCartaIdentita
EA6,DbCittadino
EA6,DbConnection
EA6,DbException
EA6,DbNucleoFamiliare
EA6,NucleoFamiliare
EA6,NucleoFamiliareManager
EA6,ServletAnnulla
EA6,ServletInserisciCittadino
EA6,ServletRicercaCittadino
EA6,ServletStatoDiFamiglia
EA7,AccessManager
EA7,Accesso
EA7,AdminManager
EA7,DbAccesso
EA7,DbConnection
EA7,DbException
EA7,DbImpiegato
EA7,Impiegato
EA7,ImpiegatoManager
EA7,ServletAnnulla
EA7,ServletInserisciImpiegato
EA8,AccessManager
EA8,Accesso
EA8,AdminManager
EA8,Amministratore
EA8,DbAccesso
EA8,DbAmministratore
EA8,DbConnection
EA8,DbException
EA8,ServletAnnulla
EA8,ServletLogout
EA8,ServletMostraAccesso
EA9,AccessManager
EA9,Accesso
EA9,AdminManager
EA9,CartaIdentita
EA9,CIManager
EA9,Cittadino
EA9,CittadinoManager
EA9,DbAccesso
EA9,DbCartaIdentita
EA9,DbCittadino
EA9,DbComune
EA9,DbConnection
EA9,ServletAnnulla
EA9,ServletLogout
EA9,ServletMostraAccessoA
EA10,AccessManager
EA10,Accesso
EA10,AdminManager
EA10,DbAccesso
EA10,DbImpiegato
EA10,Impiegato
EA10,ImpiegatoManager
EA10,ServletAnnulla
EA10,ServletLogout
EA10,ServletMostraAccesso
EA11,AccessManager
EA11,Accesso
EA11,CartaIdentita
EA11,CIManager
EA11,Cittadino
EA11,CittadinoManager
EA11,DbCartaIdentita
EA11,DbCittadino
EA11,DbConnection
EA11,DbException
EA11,DbNucleoFamiliare
EA11,NucleoFamiliare
EA11,NucleoFamiliareManager
EA11,ServletAnnulla
EA11,ServletModificaCittadino
EA11,ServletRicercaCittadino
EA11,ServletStatoDiFamiglia
EA12,Accesso
EA12,AdminManager
EA12,Amministratore
EA12,DbAccesso
EA12,DbAmministratore
EA12,DbConnection
EA12,DbException
EA12,ServletAnnulla
EA12,ServletModificaAmministratore
EA12,ServletRicercaAmministratore
EA13,Accesso
EA13,AdminManager
EA13,Cittadino
EA13,CittadinoManager
EA13,DbAccesso
EA13,DbCittadino
EA13,DbConnection
EA13,DbException
EA13,ServletAnnulla
EA13,ServletModificaCittadino
EA13,ServletRicercaCittadino
EA14,AccessManager
EA14,Accesso
EA14,DbAccesso
EA14,DbConnection
EA14,DbException
EA14,DbImpiegato
EA14,Impiegato
EA14,ImpiegatoManager
EA14,ServletAnnulla
EA14,ServletModificaImpiegato
EA14,ServletRicercaImpiegato
EA15,AccessManager
EA15,Accesso
EA15,DbAccesso
EA15,DbConnection
EA15,DbException
EA15,DbImpiegato
EA15,Impiegato
EA15,ImpiegatoManager
EA15,ServletAnnulla
EA15,ServletModificaImpiegato
EA15,ServletRicercaImpiegato
EA16,Accesso
EA16,AdminManager
EA16,Amministratore
EA16,DbAccesso
EA16,DbAmministratore
EA16,DbConnection
EA16,DbException
EA16,ServletAnnulla
EA16,ServletModificaAccesso
EA16,ServletModificaAmministratore
EA16,ServletRecuperoPassword
EA16,ServletRicercaAmministratore
EA17,AccessManager
EA17,Accesso
EA17,Cittadino
EA17,CittadinoManager
EA17,DbAccesso
EA17,DbCittadino
EA17,DbConnection
EA17,DbException
EA17,ServletAnnulla
EA17,ServletModificaAccesso
EA17,ServletModificaCittadino
EA17,ServletRecuperoPassword
EA18,AccessManager
EA18,Accesso
EA18,DbAccesso
EA18,DbConnection
EA18,DbException
EA18,DbImpiegato
EA18,Impiegato
EA18,ImpiegatoManager
EA18,ServletAnnulla
EA18,ServletModificaAccesso
EA18,ServletRicercaImpiegato
EA19,AccessManager
EA19,Accesso
EA19,CartaIdentita
EA19,CIManager
EA19,Cittadino
EA19,CittadinoManager
EA19,DbAccesso
EA19,DbCartaIdentita
EA19,DbCittadino
EA19,DbConnection
EA19,DbException
EA19,ServletAnnulla
EA19,ServletRecuperoPassword
EA19,ServletRicercaCittadino
EA20,Accesso
EA20,AdminManager
EA20,Amministratore
EA20,DbAccesso
EA20,DbAmministratore
EA20,DbConnection
EA20,DbException
EA20,ServletAnnulla
EA20,ServletRecuperoPassword
EA21,AccessManager
EA21,Accesso
EA21,CartaIdentita
EA21,CIManager
EA21,Cittadino
EA21,CittadinoManager
EA21,DbAccesso
EA21,DbCartaIdentita
EA21,DbCittadino
EA21,DbConnection
EA21,DbException
EA21,DbNucleoFamiliare
EA21,NucleoFamiliare
EA21,NucleoFamiliareManager
EA21,ServletAnnulla
EA21,ServletRegistraCittadino
EA21,ServletRicercaCittadino
EA22,AccessManager
EA22,Accesso
EA22,CartaIdentita
EA22,CIManager
EA22,Cittadino
EA22,CittadinoManager
EA22,DbAccesso
EA22,DbCartaIdentita
EA22,DbCittadino
EA22,DbConnection
EA22,DbException
EA22,DbNucleoFamiliare
EA22,NucleoFamiliare
EA22,NucleoFamiliareManager
EA22,ServletAnnulla
EA22,ServletRicercaCittadino
EA23,DbConnection
EA23,DbException
EA23,DbImpiegato
EA23,Impiegato
EA23,ImpiegatoManager
EA23,ServletRicercaImpiegato
EA24,CartaIdentita
EA24,CIManager
EA24,Cittadino
EA24,CittadinoManager
EA24,Comune
EA24,ControllerFiles
EA24,DbCambioResidenza
EA24,DbCartaIdentita
EA24,DbCittadino
EA24,DbComune
EA24,DbConnection
EA24,DbException
EA24,DbNucleoFamiliare
EA24,DbRichiesta
EA24,NucleoFamiliare
EA24,NucleoFamiliareManager
EA24,Richiesta
EA24,ServletAnnulla
EA24,ServletCaricaPratica
EA24,ServletCreaPdfCambioAbitazione
EA24,ServletCreaPdfCittadino
EA24,ServletModificaCittadino
EA24,ServletModificaResidenza
EA24,ServletRicercaPratica
EA24,ServletRisposta
EA24,ServletStatoDiFamiglia
EA24,ServletVisualizzaPratiche
EA25,CartaIdentita
EA25,CIManager
EA25,Cittadino
EA25,CittadinoManager
EA25,Comune
EA25,ControllerFiles
EA25,DbCambioResidenza
EA25,DbCartaIdentita
EA25,DbCittadino
EA25,DbComune
EA25,DbConnection
EA25,DbException
EA25,DbNucleoFamiliare
EA25,DbRichiesta
EA25,NucleoFamiliare
EA25,NucleoFamiliareManager
EA25,Richiesta
EA25,ServletAnnulla
EA25,ServletCaricaPratica
EA25,ServletCreaPdfCambioAbitazione
EA25,ServletCreaPdfCittadino
EA25,ServletModificaCittadino
EA25,ServletModificaResidenza
EA25,ServletRicercaPratica
EA25,ServletRisposta
EA25,ServletStatoDiFamiglia
EA25,ServletVisualizzaPratiche
EA26,CartaIdentita
EA26,CIManager
EA26,Cittadino
EA26,CittadinoManager
EA26,ControllerFiles
EA26,DbCartaIdentita
EA26,DbCittadino
EA26,DbComune
EA26,DbConnection
EA26,DbException
EA26,DbNucleoFamiliare
EA26,DbRichiesta
EA26,NucleoFamiliare
EA26,NucleoFamiliareManager
EA26,Richiesta
EA26,ServletAnnulla
EA26,ServletCaricaPratica
EA26,ServletCreaPdfCittadino
EA26,ServletRicercaPratica
EA26,ServletRisposta
EA26,ServletStatoDiFamiglia
EA26,ServletVisualizzaPratiche
EA27,CartaIdentita
EA27,CIManager
EA27,Cittadino
EA27,CittadinoManager
EA27,DbCartaIdentita
EA27,DbCittadino
EA27,DbComune
EA27,DbConnection
EA27,DbException
EA27,DbRichiesta
EA27,Richiesta
EA27,ServletAnnulla
EA27,ServletVisualizzaPratiche
EA28,CartaIdentita
EA28,CIManager
EA28,Cittadino
EA28,CittadinoManager
EA28,DbCartaIdentita
EA28,DbCittadino
EA28,DbComune
EA28,DbConnection
EA28,DbException
EA28,DbRichiesta
EA28,Richiesta
EA28,ServletAnnulla
EA28,ServletVisualizzaPratiche
EA29,CartaIdentita
EA29,CIManager
EA29,Cittadino
EA29,CittadinoManager
EA29,DbCartaIdentita
EA29,DbCittadino
EA29,DbComune
EA29,DbConnection
EA29,DbException
EA29,DbRichiesta
EA29,Richiesta
EA29,ServletAnnulla
EA29,ServletVisualizzaPratiche
EA30,CartaIdentita
EA30,CIManager
EA30,Cittadino
EA30,CittadinoManager
EA30,DbCartaIdentita
EA30,DbCittadino
EA30,DbConnection
EA30,DbException
EA30,DbNucleoFamiliare
EA30,DbRichiesta
EA30,NucleoFamiliare
EA30,NucleoFamiliareManager
EA30,Richiesta
EA30,ServletAnnulla
EA30,ServletRisposta
EA31,CartaIdentita
EA31,CIManager
EA31,Cittadino
EA31,CittadinoManager
EA31,DbCartaIdentita
EA31,DbCittadino
EA31,DbConnection
EA31,DbException
EA31,DbNucleoFamiliare
EA31,DbRichiesta
EA31,NucleoFamiliare
EA31,NucleoFamiliareManager
EA31,Richiesta
EA31,ServletAnnulla
EA31,ServletRicercaPratica
EA31,ServletRisposta
EA32,CartaIdentita
EA32,CIManager
EA32,Cittadino
EA32,CittadinoManager
EA32,DbCartaIdentita
EA32,DbCittadino
EA32,DbConnection
EA32,DbException
EA32,DbNucleoFamiliare
EA32,DbRichiesta
EA32,NucleoFamiliare
EA32,NucleoFamiliareManager
EA32,Richiesta
EA32,ServletAnnulla
EA32,ServletRicercaPratica
EA32,ServletRisposta
EA33,ControllerFiles
EA33,ServletAnnulla
EA33,ServletCreaPdfCertificati
EA34,ControllerFiles
EA34,ServletAnnulla
EA34,ServletCreaPdfCertificati
EA36,CartaIdentita
EA36,CIManager
EA36,Cittadino
EA36,CittadinoManager
EA36,DbCartaIdentita
EA36,DbCittadino
EA36,DbConnection
EA36,DbException
EA36,DbNucleoFamiliare
EA36,NucleoFamiliare
EA36,NucleoFamiliareManager
EA36,ServletAnnulla
EA36,ServletStatoDiFamiglia
EA37,CartaIdentita
EA37,CIManager
EA37,Cittadino
EA37,CittadinoManager
EA37,DbCartaIdentita
EA37,DbCittadino
EA37,DbConnection
EA37,DbException
EA37,DbNucleoFamiliare
EA37,DbRichiesta
EA37,NucleoFamiliare
EA37,NucleoFamiliareManager
EA37,Richiesta
EA37,ServletAnnulla
EA37,ServletRisposta
EA38,CartaIdentita
EA38,CIManager
EA38,Cittadino
EA38,CittadinoManager
EA38,DbCartaIdentita
EA38,DbCittadino
EA38,DbConnection
EA38,DbException
EA38,DbNucleoFamiliare
EA38,DbRichiesta
EA38,NucleoFamiliare
EA38,NucleoFamiliareManager
EA38,Richiesta
EA38,ServletAnnulla
EA38,ServletRisposta
EA41,CartaIdentita
EA41,CIManager
EA41,Cittadino
EA41,CittadinoManager
EA41,DbCartaIdentita
EA41,DbCittadino
EA41,DbConnection
EA41,DbException
EA41,DbRichiesta
EA41,Richiesta
EA41,ServletAnnulla
EA41,ServletRicercaPratica
EA41,ServletVisualizzaPratiche
EA138,AccessManager
EA138,Accesso
EA138,AdminManager
EA138,Amministratore
EA138,CartaIdentita
EA138,CIManager
EA138,Cittadino
EA138,CittadinoManager
EA138,Comune
EA138,ControllerFiles
EA138,DbAccesso
EA138,DbAmministratore
EA138,DbCambioResidenza
EA138,DbCartaIdentita
EA138,DbCittadino
EA138,DbComune
EA138,DbConnection
EA138,DbException
EA138,DbImpiegato
EA138,DbNucleoFamiliare
EA138,DbRichiesta
EA138,Impiegato
EA138,ImpiegatoManager
EA138,NucleoFamiliare
EA138,NucleoFamiliareManager
EA138,Richiesta
EA138,ServletAnnulla
EA138,ServletCaricaPratica
EA138,ServletCreaPdfCambioAbitazione
EA138,ServletCreaPdfCertificati
EA138,ServletCreaPdfCittadino
EA138,ServletEliminaAmministratore
EA138,ServletEliminaCittadino
EA138,ServletEliminaImpiegato
EA138,ServletInserisciAmministratore
EA138,ServletInserisciCittadino
EA138,ServletInserisciImpiegato
EA138,ServletLogin
EA138,ServletLogout
EA138,ServletModificaAccesso
EA138,ServletModificaAmministratore
EA138,ServletModificaCittadino
EA138,ServletModificaImpiegato
EA138,ServletModificaResidenza
EA138,ServletMostraAccesso
EA138,ServletMostraAccessoA
EA138,ServletRecuperoPassword
EA138,ServletRegistraCittadino
EA138,ServletRicercaAmministratore
EA138,ServletRicercaCittadino
EA138,ServletRicercaImpiegato
EA138,ServletRicercaPratica
EA138,ServletRisposta
EA138,ServletStatoDiFamiglia
EA138,ServletVisualizzaPratiche